{
  "status": "done",
  "assets": {
    "main-89612bec100938836269.css": {
      "name": "main-89612bec100938836269.css",
      "path": "/home/fransvdl/Projects/macdisher/static/webpack_bundles/main-89612bec100938836269.css"
    },
    "main-89612bec100938836269.js": {
      "name": "main-89612bec100938836269.js",
      "path": "/home/fransvdl/Projects/macdisher/static/webpack_bundles/main-89612bec100938836269.js"
    },
    "main-89612bec100938836269.js.map": {
      "name": "main-89612bec100938836269.js.map",
      "path": "/home/fransvdl/Projects/macdisher/static/webpack_bundles/main-89612bec100938836269.js.map"
    }
  },
  "chunks": {
    "main": [
      "main-89612bec100938836269.css",
      "main-89612bec100938836269.js"
    ]
  }
}