{"_type":"export","__export_format":4,"__export_date":"2023-05-12T12:34:52.447Z","__export_source":"insomnia.desktop.app:v2022.7.5","resources":[{"_id":"req_57e1e9ac563e4c9e87a71f218e5e0ed0","parentId":"fld_b8706a237ef04eae800b1d3307918685","modified":1683894583898,"created":1683007366602,"url":"http://localhost:8000/api/smartlock-lock/","name":"Create BT Lock","description":"","method":"POST","body":{"mimeType":"application/json","text":"{\n\t\"uuid\": \"3\",\n\t\"type\": \"lock-bt\",\n\t\"version\": \"1\",\n\t\"meta_json\": {\n\t\t\"serial\": \"0x3\",\n\t\t\"test\": \"Updated\"\n\t}\n}"},"parameters":[],"headers":[{"name":"Content-Type","value":"application/json"}],"authentication":{"type":"basic","useISO88591":false,"disabled":false,"username":"frans","password":"Sn@rf$1985"},"metaSortKey":-1682969000253.6562,"isPrivate":false,"settingStoreCookies":true,"settingSendCookies":true,"settingDisableRenderRequestBody":false,"settingEncodeUrl":true,"settingRebuildPath":true,"settingFollowRedirects":"global","_type":"request"},{"_id":"fld_b8706a237ef04eae800b1d3307918685","parentId":"wrk_e6a1d354f2544c70b4304fa41daecf7d","modified":1683007347868,"created":1683007347868,"name":"Smartlock Lock","description":"","environment":{},"environmentPropertyOrder":null,"metaSortKey":-1683007347869,"_type":"request_group"},{"_id":"wrk_e6a1d354f2544c70b4304fa41daecf7d","parentId":null,"modified":1682671790425,"created":1682671790425,"name":"Production","description":"","scope":"collection","_type":"workspace"},{"_id":"req_4070101201274fd4bfdbef103c7adaf4","parentId":"fld_b8706a237ef04eae800b1d3307918685","modified":1683894593378,"created":1683894575130,"url":"http://localhost:8000/api/smartlock-lock/","name":"Create BT Lock Controller","description":"","method":"POST","body":{"mimeType":"application/json","text":"{\n\t\"uuid\": \"3\",\n\t\"type\": \"lock-bt-controller\",\n\t\"version\": \"1\",\n\t\"meta_json\": {\n\t\t\"sticker\": \"0x3\",\n\t\t\"pcb\": \"Updated\"\n\t}\n}"},"parameters":[],"headers":[{"name":"Content-Type","value":"application/json"}],"authentication":{"type":"basic","useISO88591":false,"disabled":false,"username":"frans","password":"Sn@rf$1985"},"metaSortKey":-1682969000228.6562,"isPrivate":false,"settingStoreCookies":true,"settingSendCookies":true,"settingDisableRenderRequestBody":false,"settingEncodeUrl":true,"settingRebuildPath":true,"settingFollowRedirects":"global","_type":"request"},{"_id":"req_2405935db1734fc1935406ed0dff00e3","parentId":"fld_b8706a237ef04eae800b1d3307918685","modified":1683007375127,"created":1683007354315,"url":"http://localhost:8000/api/smartlock-lock/","name":"Retrieve lock","description":"","method":"GET","body":{},"parameters":[],"headers":[],"authentication":{"type":"basic","useISO88591":false,"disabled":false,"username":"frans","password":"Sn@rf$1985"},"metaSortKey":-1682969000203.6562,"isPrivate":false,"settingStoreCookies":true,"settingSendCookies":true,"settingDisableRenderRequestBody":false,"settingEncodeUrl":true,"settingRebuildPath":true,"settingFollowRedirects":"global","_type":"request"},{"_id":"req_e0b480da58334a70b2418215405090eb","parentId":"fld_43cd44d4cd494db3a5f3a96100d1621f","modified":1683005618338,"created":1683005172260,"url":"http://localhost:8000/api/pathfinder-geosensor/","name":"Retrieve geosensors","description":"","method":"GET","body":{},"parameters":[],"headers":[],"authentication":{"type":"basic","useISO88591":false,"disabled":false,"username":"frans","password":"Sn@rf$1985"},"metaSortKey":-1683002965103.25,"isPrivate":false,"settingStoreCookies":true,"settingSendCookies":true,"settingDisableRenderRequestBody":false,"settingEncodeUrl":true,"settingRebuildPath":true,"settingFollowRedirects":"global","_type":"request"},{"_id":"fld_43cd44d4cd494db3a5f3a96100d1621f","parentId":"wrk_e6a1d354f2544c70b4304fa41daecf7d","modified":1683005148473,"created":1683005148473,"name":"Geosensor","description":"","environment":{},"environmentPropertyOrder":null,"metaSortKey":-1683005148473,"_type":"request_group"},{"_id":"req_b2667dd0945c43128860c2ce1e7e7b34","parentId":"fld_43cd44d4cd494db3a5f3a96100d1621f","modified":1683005831813,"created":1683005190217,"url":"http://localhost:8000/api/pathfinder-geosensor/","name":"Create GeoSensor","description":"","method":"POST","body":{"mimeType":"application/json","text":"{\n\t\"uuid\": \"3\",\n\t\"type\": \"geophone-sigfox\",\n\t\"version\": \"1\",\n\t\"meta_json\": {\n\t\t\"box\": \"1\",\n\t\t\"test\": \"yebo\",\n\t\t\"battery\": 1.0\n\t}\n}"},"parameters":[],"headers":[{"name":"Content-Type","value":"application/json"}],"authentication":{"type":"basic","useISO88591":false,"disabled":false,"username":"frans","password":"Sn@rf$1985"},"metaSortKey":-1683002965053.25,"isPrivate":false,"settingStoreCookies":true,"settingSendCookies":true,"settingDisableRenderRequestBody":false,"settingEncodeUrl":true,"settingRebuildPath":true,"settingFollowRedirects":"global","_type":"request"},{"_id":"req_b352ba70999243d5abfe6d59f3b30ec4","parentId":"fld_42fe16807cdc4005ad3e87641dbd1147","modified":1683005595644,"created":1682932064871,"url":"http://localhost:8000/api/iot-node/","name":"Create IoT node","description":"","method":"POST","body":{"mimeType":"application/json","text":"{\n\t\"uuid\": \"3\",\n\t\"type\": \"iot-smartsense\",\n\t\"version\": \"1\",\n\t\"meta_json\": {\n\t\t\"PAC\": \"1\",\n\t\t\"family\": \"nbiot\",\n\t\t\"boot_version\": \"0.1\",\n\t\t\"pcb\": \"1\",\n\t\t\"test\": {\n\t\t\t\"wisol\" : {\n\t\t\t\t\"id\": 1,\n\t\t\t\t\"pac\": \"1\",\n\t\t\t\t\"version\": \"1\"\n\t\t\t\t\n\t\t\t},\n\t\t\t\"current\": {\n\t\t\t\t\"current\": 2,\n\t\t\t\t\"voltage\": 2\n\t\t\t\t\n\t\t\t},\n\t\t\t\"sensors\": {\n\t\t\t\t\n\t\t\t},\n\t\t\t\"components\": {\n\t\t\t\t\"version\": \"1\",\n\t\t\t\t\"type\": \"good\"\n\t\t\t\t\n\t\t\t}\n\t\t}\n\t}\n}"},"parameters":[],"headers":[{"name":"Content-Type","value":"application/json"}],"authentication":{"type":"basic","useISO88591":false,"disabled":false,"username":"frans","password":"Sn@rf$1985"},"metaSortKey":-1682935035454.0625,"isPrivate":false,"settingStoreCookies":true,"settingSendCookies":true,"settingDisableRenderRequestBody":false,"settingEncodeUrl":true,"settingRebuildPath":true,"settingFollowRedirects":"global","_type":"request"},{"_id":"fld_42fe16807cdc4005ad3e87641dbd1147","parentId":"wrk_e6a1d354f2544c70b4304fa41daecf7d","modified":1682935280640,"created":1682935280640,"name":"IoT Nodes","description":"","environment":{},"environmentPropertyOrder":null,"metaSortKey":-1682935280641,"_type":"request_group"},{"_id":"req_fd840788122349f3920fa63e8babd106","parentId":"fld_42fe16807cdc4005ad3e87641dbd1147","modified":1683005600124,"created":1682931320844,"url":"http://localhost:8000/api/iot-node/","name":"Retrieve iot-nodes","description":"","method":"GET","body":{},"parameters":[],"headers":[],"authentication":{"type":"basic","useISO88591":false,"disabled":false,"username":"frans","password":"Sn@rf$1985"},"metaSortKey":-1682935035404.0625,"isPrivate":false,"settingStoreCookies":true,"settingSendCookies":true,"settingDisableRenderRequestBody":false,"settingEncodeUrl":true,"settingRebuildPath":true,"settingFollowRedirects":"global","_type":"request"},{"_id":"req_e6014d4be84a40dc8dab4176e1d93b7f","parentId":"fld_cea0bb3ac3934defa09fa4c30c511a97","modified":1682931384778,"created":1682671793993,"url":"http://localhost:8000/api/key/","name":"Retrieve keys","description":"","method":"GET","body":{},"parameters":[],"headers":[],"authentication":{"type":"basic","useISO88591":false,"disabled":false,"username":"frans","password":"Sn@rf$1985"},"metaSortKey":-1682931373796,"isPrivate":false,"settingStoreCookies":true,"settingSendCookies":true,"settingDisableRenderRequestBody":false,"settingEncodeUrl":true,"settingRebuildPath":true,"settingFollowRedirects":"global","_type":"request"},{"_id":"fld_cea0bb3ac3934defa09fa4c30c511a97","parentId":"wrk_e6a1d354f2544c70b4304fa41daecf7d","modified":1682931357649,"created":1682931357649,"name":"Keys","description":"","environment":{},"environmentPropertyOrder":null,"metaSortKey":-1682931357650,"_type":"request_group"},{"_id":"req_ce71a028dd184f00939eb450ec4454bc","parentId":"fld_cea0bb3ac3934defa09fa4c30c511a97","modified":1682931381211,"created":1682679300080,"url":"http://localhost:8000/api/key/","name":"Create key","description":"","method":"POST","body":{"mimeType":"application/json","text":"{\n\t\"uuid\": \"3\",\n\t\"type\": \"key-beeper\",\n\t\"version\": \"1\",\n\t\"meta_json\": {\n\t\t\"box\": \"1\"\n\t}\n}"},"parameters":[],"headers":[{"name":"Content-Type","value":"application/json"}],"authentication":{"type":"basic","useISO88591":false,"disabled":false,"username":"frans","password":"Sn@rf$1985"},"metaSortKey":-1682931373771,"isPrivate":false,"settingStoreCookies":true,"settingSendCookies":true,"settingDisableRenderRequestBody":false,"settingEncodeUrl":true,"settingRebuildPath":true,"settingFollowRedirects":"global","_type":"request"},{"_id":"req_b3528b360332401fa9e0113d10fda2c0","parentId":"wrk_e6a1d354f2544c70b4304fa41daecf7d","modified":1682675900961,"created":1682675798885,"url":"http://localhost:8000/api/device","name":"Device","description":"","method":"GET","body":{},"parameters":[],"headers":[],"authentication":{"type":"basic","useISO88591":false,"disabled":false,"username":"frans","password":"Sn@rf$1985"},"metaSortKey":-1681814031632.5,"isPrivate":false,"settingStoreCookies":true,"settingSendCookies":true,"settingDisableRenderRequestBody":false,"settingEncodeUrl":true,"settingRebuildPath":true,"settingFollowRedirects":"global","_type":"request"},{"_id":"env_e794892517ff827a6ddbe282c5743039714da112","parentId":"wrk_e6a1d354f2544c70b4304fa41daecf7d","modified":1682671790428,"created":1682671790428,"name":"Base Environment","data":{},"dataPropertyOrder":null,"color":null,"isPrivate":false,"metaSortKey":1682671790428,"_type":"environment"},{"_id":"jar_e794892517ff827a6ddbe282c5743039714da112","parentId":"wrk_e6a1d354f2544c70b4304fa41daecf7d","modified":1682671790430,"created":1682671790430,"name":"Default Jar","cookies":[],"_type":"cookie_jar"},{"_id":"spc_25785b2fd28b4a72b9057b04109c0f8a","parentId":"wrk_e6a1d354f2544c70b4304fa41daecf7d","modified":1682671790426,"created":1682671790426,"fileName":"Production","contents":"","contentType":"yaml","_type":"api_spec"}]}